Nome do Programa,Código do Programa,Nome da IES,Sigla da IES,UF,ME,DO,MP,DP,Av.capes
ADMINISTRAÇÃO,40006018044P2,UNIVERSIDADE TECNOLÓGICA FEDERAL DO PARANÁ,UTFPR,PR,3,-,-,-,"ADMINISTRAÇÃO PÚBLICA E DE EMPRESAS, CIÊNCIAS CONTÁBEIS E TURISMO"
ADMINISTRAÇÃO,32005016070P4,UNIVERSIDADE FEDERAL DE JUIZ DE FORA,UFJF,MG,3,-,-,-,"ADMINISTRAÇÃO PÚBLICA E DE EMPRESAS, CIÊNCIAS CONTÁBEIS E TURISMO"
ADMINISTRAÇÃO,33002037025P3,ESCOLA SUPERIOR DE AGRICULTURA LUIZ DE QUEIROZ - USP,USP-ESALQ,SP,4,-,-,-,"ADMINISTRAÇÃO PÚBLICA E DE EMPRESAS, CIÊNCIAS CONTÁBEIS E TURISMO"
ADMINISTRAÇÃO,23004010008P5,UNIVERSIDADE POTIGUAR,UNP,RN,4,4,-,-,"ADMINISTRAÇÃO PÚBLICA E DE EMPRESAS, CIÊNCIAS CONTÁBEIS E TURISMO"
ADMINISTRAÇÃO,41007018006P2,UNIVERSIDADE DO OESTE DE SANTA CATARINA,UNOESC,SC,-,4,-,-,"ADMINISTRAÇÃO PÚBLICA E DE EMPRESAS, CIÊNCIAS CONTÁBEIS E TURISMO"
ADMINISTRAÇÃO,33003025005P3,"UNIVERSIDADE ESTADUAL DE CAMPINAS, LIMEIRA",UNICAMP-LI,SP,4,4,-,-,"ADMINISTRAÇÃO PÚBLICA E DE EMPRESAS, CIÊNCIAS CONTÁBEIS E TURISMO"
ADMINISTRAÇÃO,24009016172P4,UNIVERSIDADE FEDERAL DE CAMPINA GRANDE,UFCG,PB,3,-,-,-,"ADMINISTRAÇÃO PÚBLICA E DE EMPRESAS, CIÊNCIAS CONTÁBEIS E TURISMO"
ADMINISTRAÇÃO,41009010003P6,UNIVERSIDADE DO CONTESTADO,UNC,SC,-,-,A,-,"ADMINISTRAÇÃO PÚBLICA E DE EMPRESAS, CIÊNCIAS CONTÁBEIS E TURISMO"
ADMINISTRAÇÃO,42041015011P8,UNIVERSIDADE FEEVALE,FEEVALE,RS,A,-,-,-,"ADMINISTRAÇÃO PÚBLICA E DE EMPRESAS, CIÊNCIAS CONTÁBEIS E TURISMO"
ADMINISTRAÇÃO,23003014074P1,UNIVERSIDADE FEDERAL RURAL DO SEMI-ÁRIDO,UFERSA,RN,A,-,-,-,"ADMINISTRAÇÃO PÚBLICA E DE EMPRESAS, CIÊNCIAS CONTÁBEIS E TURISMO"
ADMINISTRAÇÃO,15001016169P7,UNIVERSIDADE FEDERAL DO PARÁ,UFPA,PA,A,-,-,-,"ADMINISTRAÇÃO PÚBLICA E DE EMPRESAS, CIÊNCIAS CONTÁBEIS E TURISMO"
ADMINISTRAÇÃO,32045018002P6,"INSTITUTO FEDERAL DE EDUCAÇÃO, CIÊNCIA E TECNOLOGIA DE MINAS GERAIS",IFMG,MG,-,-,A,-,"ADMINISTRAÇÃO PÚBLICA E DE EMPRESAS, CIÊNCIAS CONTÁBEIS E TURISMO"
ADMINISTRAÇÃO,33001014076P0,UNIVERSIDADE FEDERAL DE SÃO CARLOS,UFSCAR,SP,A,-,-,-,"ADMINISTRAÇÃO PÚBLICA E DE EMPRESAS, CIÊNCIAS CONTÁBEIS E TURISMO"
ADMINISTRAÇÃO,15004015005P3,UNIVERSIDADE DA AMAZÔNIA,UNAMA,PA,4,4,-,-,"ADMINISTRAÇÃO PÚBLICA E DE EMPRESAS, CIÊNCIAS CONTÁBEIS E TURISMO"
ADMINISTRAÇÃO,22003010013P0,UNIVERSIDADE ESTADUAL DO CEARÁ,UECE,CE,4,4,-,-,"ADMINISTRAÇÃO PÚBLICA E DE EMPRESAS, CIÊNCIAS CONTÁBEIS E TURISMO"
ADMINISTRAÇÃO,23001011007P0,UNIVERSIDADE FEDERAL DO RIO GRANDE DO NORTE,UFRN,RN,4,4,-,-,"ADMINISTRAÇÃO PÚBLICA E DE EMPRESAS, CIÊNCIAS CONTÁBEIS E TURISMO"
ADMINISTRAÇÃO,23004010002P7,UNIVERSIDADE POTIGUAR,UNP,RN,-,-,4,-,"ADMINISTRAÇÃO PÚBLICA E DE EMPRESAS, CIÊNCIAS CONTÁBEIS E TURISMO"
ADMINISTRAÇÃO,24001015017P8,"UNIVERSIDADE FEDERAL DA PARAÍBA, JOÃO PESSOA",UFPB-JP,PB,4,4,-,-,"ADMINISTRAÇÃO PÚBLICA E DE EMPRESAS, CIÊNCIAS CONTÁBEIS E TURISMO"
ADMINISTRAÇÃO,25001019046P0,UNIVERSIDADE FEDERAL DE PERNAMBUCO,UFPE,PE,4,4,-,-,"ADMINISTRAÇÃO PÚBLICA E DE EMPRESAS, CIÊNCIAS CONTÁBEIS E TURISMO"
ADMINISTRAÇÃO,25001019078P0,UNIVERSIDADE FEDERAL DE PERNAMBUCO,UFPE,PE,-,-,3,-,"ADMINISTRAÇÃO PÚBLICA E DE EMPRESAS, CIÊNCIAS CONTÁBEIS E TURISMO"
ADMINISTRAÇÃO,27001016038P3,FUNDAÇÃO UNIVERSIDADE FEDERAL DE SERGIPE,FUFSE,SE,3,-,-,-,"ADMINISTRAÇÃO PÚBLICA E DE EMPRESAS, CIÊNCIAS CONTÁBEIS E TURISMO"
ADMINISTRAÇÃO,28001010020P3,UNIVERSIDADE FEDERAL DA BAHIA,UFBA,BA,5,5,-,-,"ADMINISTRAÇÃO PÚBLICA E DE EMPRESAS, CIÊNCIAS CONTÁBEIS E TURISMO"
ADMINISTRAÇÃO,28001010052P2,UNIVERSIDADE FEDERAL DA BAHIA,UFBA,BA,-,-,4,-,"ADMINISTRAÇÃO PÚBLICA E DE EMPRESAS, CIÊNCIAS CONTÁBEIS E TURISMO"
ADMINISTRAÇÃO,28013018004P9,UNIVERSIDADE SALVADOR,UNIFACS,BA,4,-,-,-,"ADMINISTRAÇÃO PÚBLICA E DE EMPRESAS, CIÊNCIAS CONTÁBEIS E TURISMO"
ADMINISTRAÇÃO,30001013015P2,UNIVERSIDADE FEDERAL DO ESPÍRITO SANTO,UFES,ES,4,4,-,-,"ADMINISTRAÇÃO PÚBLICA E DE EMPRESAS, CIÊNCIAS CONTÁBEIS E TURISMO"
ADMINISTRAÇÃO,30007011002P6,FUNDAÇÃO INSTITUTO CAPIXABA DE PESQUISA EM CONTABILIDADE ECONOMIA E FINANÇAS,FUCAPE,ES,-,-,4,-,"ADMINISTRAÇÃO PÚBLICA E DE EMPRESAS, CIÊNCIAS CONTÁBEIS E TURISMO"
ADMINISTRAÇÃO,31001017062P3,UNIVERSIDADE FEDERAL DO RIO DE JANEIRO,UFRJ,RJ,6,6,-,-,"ADMINISTRAÇÃO PÚBLICA E DE EMPRESAS, CIÊNCIAS CONTÁBEIS E TURISMO"
ADMINISTRAÇÃO,31011012004P5,FUNDAÇÃO GETÚLIO VARGAS,FGV,RJ,7,7,-,-,"ADMINISTRAÇÃO PÚBLICA E DE EMPRESAS, CIÊNCIAS CONTÁBEIS E TURISMO"
ADMINISTRAÇÃO,31011012011P1,FUNDAÇÃO GETÚLIO VARGAS,FGV,RJ,-,-,5,-,"ADMINISTRAÇÃO PÚBLICA E DE EMPRESAS, CIÊNCIAS CONTÁBEIS E TURISMO"
ADMINISTRAÇÃO,31034012001P9,FACULDADE DE ECONOMIA E FINANÇAS DO IBMEC,IBMEC,RJ,-,-,4,-,"ADMINISTRAÇÃO PÚBLICA E DE EMPRESAS, CIÊNCIAS CONTÁBEIS E TURISMO"
ADMINISTRAÇÃO,31035019002P1,UNIVERSIDADE DO GRANDE RIO - PROFESSOR JOSE DE SOUZA HERDY,UNIGRANRIO,RJ,5,5,-,-,"ADMINISTRAÇÃO PÚBLICA E DE EMPRESAS, CIÊNCIAS CONTÁBEIS E TURISMO"
ADMINISTRAÇÃO,32001010026P0,UNIVERSIDADE FEDERAL DE MINAS GERAIS,UFMG,MG,4,4,-,-,"ADMINISTRAÇÃO PÚBLICA E DE EMPRESAS, CIÊNCIAS CONTÁBEIS E TURISMO"
ADMINISTRAÇÃO,32002017029P5,UNIVERSIDADE FEDERAL DE VIÇOSA,UFV,MG,4,4,-,-,"ADMINISTRAÇÃO PÚBLICA E DE EMPRESAS, CIÊNCIAS CONTÁBEIS E TURISMO"
ADMINISTRAÇÃO,32004010003P2,UNIVERSIDADE FEDERAL DE LAVRAS,UFLA,MG,5,5,-,-,"ADMINISTRAÇÃO PÚBLICA E DE EMPRESAS, CIÊNCIAS CONTÁBEIS E TURISMO"
ADMINISTRAÇÃO,32006012020P3,UNIVERSIDADE FEDERAL DE UBERLÂNDIA,UFU,MG,4,4,-,-,"ADMINISTRAÇÃO PÚBLICA E DE EMPRESAS, CIÊNCIAS CONTÁBEIS E TURISMO"
ADMINISTRAÇÃO,32008015015P2,PONTIFÍCIA UNIVERSIDADE CATÓLICA DE MINAS GERAIS,PUC/MG,MG,5,5,-,-,"ADMINISTRAÇÃO PÚBLICA E DE EMPRESAS, CIÊNCIAS CONTÁBEIS E TURISMO"
ADMINISTRAÇÃO,32037015003P3,CENTRO UNIVERSITÁRIO UNA,UNA,MG,-,-,3,-,"ADMINISTRAÇÃO PÚBLICA E DE EMPRESAS, CIÊNCIAS CONTÁBEIS E TURISMO"
ADMINISTRAÇÃO,32053010001P9,UNIVERSIDADE FUMEC,FUMEC,MG,4,4,-,-,"ADMINISTRAÇÃO PÚBLICA E DE EMPRESAS, CIÊNCIAS CONTÁBEIS E TURISMO"
ADMINISTRAÇÃO,32065019001P3,FACULDADE PEDRO LEOPOLDO,FPL,MG,-,-,3,-,"ADMINISTRAÇÃO PÚBLICA E DE EMPRESAS, CIÊNCIAS CONTÁBEIS E TURISMO"
ADMINISTRAÇÃO,32076010001P1,CENTRO UNIVERSITÁRIO UNIHORIZONTES,UNIHORIZONTES,MG,3,-,-,-,"ADMINISTRAÇÃO PÚBLICA E DE EMPRESAS, CIÊNCIAS CONTÁBEIS E TURISMO"
ADMINISTRAÇÃO,33002010085P5,UNIVERSIDADE DE SÃO PAULO,USP,SP,7,7,-,-,"ADMINISTRAÇÃO PÚBLICA E DE EMPRESAS, CIÊNCIAS CONTÁBEIS E TURISMO"
ADMINISTRAÇÃO,33005010017P2,PONTIFÍCIA UNIVERSIDADE CATÓLICA DE SÃO PAULO,PUC/SP,SP,3,-,-,-,"ADMINISTRAÇÃO PÚBLICA E DE EMPRESAS, CIÊNCIAS CONTÁBEIS E TURISMO"
ADMINISTRAÇÃO,33007012008P2,UNIVERSIDADE METODISTA DE PIRACICABA,UNIMEP,SP,-,-,4,-,"ADMINISTRAÇÃO PÚBLICA E DE EMPRESAS, CIÊNCIAS CONTÁBEIS E TURISMO"
ADMINISTRAÇÃO,33027013004P0,CENTRO UNIVERSITÁRIO FEI,FEI,SP,5,5,-,-,"ADMINISTRAÇÃO PÚBLICA E DE EMPRESAS, CIÊNCIAS CONTÁBEIS E TURISMO"
ADMINISTRAÇÃO,33063010006P9,UNIVERSIDADE PAULISTA,UNIP,SP,4,-,-,-,"ADMINISTRAÇÃO PÚBLICA E DE EMPRESAS, CIÊNCIAS CONTÁBEIS E TURISMO"
ADMINISTRAÇÃO,33092010001P6,UNIVERSIDADE NOVE DE JULHO,UNINOVE,SP,5,5,-,-,"ADMINISTRAÇÃO PÚBLICA E DE EMPRESAS, CIÊNCIAS CONTÁBEIS E TURISMO"
ADMINISTRAÇÃO,33096015003P0,CENTRO UNIVERSITÁRIO FECAP,UniFECAP,SP,-,-,3,-,"ADMINISTRAÇÃO PÚBLICA E DE EMPRESAS, CIÊNCIAS CONTÁBEIS E TURISMO"
ADMINISTRAÇÃO,33110018001P2,UNIVERSIDADE MUNICIPAL DE SÃO CAETANO DO SUL,USCS,SP,4,4,-,-,"ADMINISTRAÇÃO PÚBLICA E DE EMPRESAS, CIÊNCIAS CONTÁBEIS E TURISMO"
ADMINISTRAÇÃO,33129010002P8,INSTITUTO DE ENSINO E PESQUISA,INSPER,SP,-,-,5,-,"ADMINISTRAÇÃO PÚBLICA E DE EMPRESAS, CIÊNCIAS CONTÁBEIS E TURISMO"
ADMINISTRAÇÃO,40001016025P6,UNIVERSIDADE FEDERAL DO PARANÁ,UFPR,PR,5,5,-,-,"ADMINISTRAÇÃO PÚBLICA E DE EMPRESAS, CIÊNCIAS CONTÁBEIS E TURISMO"
ADMINISTRAÇÃO,40002012040P1,UNIVERSIDADE ESTADUAL DE LONDRINA,UEL,PR,3,-,-,-,"ADMINISTRAÇÃO PÚBLICA E DE EMPRESAS, CIÊNCIAS CONTÁBEIS E TURISMO"
ADMINISTRAÇÃO,40003019008P7,PONTIFÍCIA UNIVERSIDADE CATÓLICA DO PARANÁ,PUC/PR,PR,5,5,-,-,"ADMINISTRAÇÃO PÚBLICA E DE EMPRESAS, CIÊNCIAS CONTÁBEIS E TURISMO"
ADMINISTRAÇÃO,40004015035P0,UNIVERSIDADE ESTADUAL DE MARINGÁ,UEM,PR,4,4,-,-,"ADMINISTRAÇÃO PÚBLICA E DE EMPRESAS, CIÊNCIAS CONTÁBEIS E TURISMO"
ADMINISTRAÇÃO,40022013001P0,UNIVERSIDADE POSITIVO,UP,PR,4,4,-,-,"ADMINISTRAÇÃO PÚBLICA E DE EMPRESAS, CIÊNCIAS CONTÁBEIS E TURISMO"
ADMINISTRAÇÃO,41001010010P5,UNIVERSIDADE FEDERAL DE SANTA CATARINA,UFSC,SC,4,4,-,-,"ADMINISTRAÇÃO PÚBLICA E DE EMPRESAS, CIÊNCIAS CONTÁBEIS E TURISMO"
ADMINISTRAÇÃO,41002016009P0,UNIVERSIDADE DO ESTADO DE SANTA CATARINA,UDESC,SC,-,-,5,-,"ADMINISTRAÇÃO PÚBLICA E DE EMPRESAS, CIÊNCIAS CONTÁBEIS E TURISMO"
ADMINISTRAÇÃO,41005015005P3,UNIVERSIDADE DO VALE DO ITAJAÍ,UNIVALI,SC,5,5,-,-,"ADMINISTRAÇÃO PÚBLICA E DE EMPRESAS, CIÊNCIAS CONTÁBEIS E TURISMO"
ADMINISTRAÇÃO,41006011002P0,UNIVERSIDADE REGIONAL DE BLUMENAU,FURB,SC,5,-,-,-,"ADMINISTRAÇÃO PÚBLICA E DE EMPRESAS, CIÊNCIAS CONTÁBEIS E TURISMO"
ADMINISTRAÇÃO,41008014003P0,UNIVERSIDADE DO SUL DE SANTA CATARINA,UNISUL,SC,4,4,-,-,"ADMINISTRAÇÃO PÚBLICA E DE EMPRESAS, CIÊNCIAS CONTÁBEIS E TURISMO"
ADMINISTRAÇÃO,42001013025P1,UNIVERSIDADE FEDERAL DO RIO GRANDE DO SUL,UFRGS,RS,5,5,-,-,"ADMINISTRAÇÃO PÚBLICA E DE EMPRESAS, CIÊNCIAS CONTÁBEIS E TURISMO"
ADMINISTRAÇÃO,42001013083P1,UNIVERSIDADE FEDERAL DO RIO GRANDE DO SUL,UFRGS,RS,-,-,3,-,"ADMINISTRAÇÃO PÚBLICA E DE EMPRESAS, CIÊNCIAS CONTÁBEIS E TURISMO"
ADMINISTRAÇÃO,42002010030P5,UNIVERSIDADE FEDERAL DE SANTA MARIA,UFSM,RS,4,4,-,-,"ADMINISTRAÇÃO PÚBLICA E DE EMPRESAS, CIÊNCIAS CONTÁBEIS E TURISMO"
ADMINISTRAÇÃO,42007011007P1,UNIVERSIDADE DO VALE DO RIO DOS SINOS,UNISINOS,RS,6,6,-,-,"ADMINISTRAÇÃO PÚBLICA E DE EMPRESAS, CIÊNCIAS CONTÁBEIS E TURISMO"
ADMINISTRAÇÃO,42008018007P8,UNIVERSIDADE DE CAXIAS DO SUL,UCS,RS,5,5,-,-,"ADMINISTRAÇÃO PÚBLICA E DE EMPRESAS, CIÊNCIAS CONTÁBEIS E TURISMO"
ADMINISTRAÇÃO,42020018008P7,UNIVERSIDADE DE SANTA CRUZ DO SUL,UNISC,RS,-,-,4,-,"ADMINISTRAÇÃO PÚBLICA E DE EMPRESAS, CIÊNCIAS CONTÁBEIS E TURISMO"
ADMINISTRAÇÃO,51001012023P4,FUNDAÇÃO UNIVERSIDADE FEDERAL DE MATO GROSSO DO SUL,UFMS,MS,4,4,-,-,"ADMINISTRAÇÃO PÚBLICA E DE EMPRESAS, CIÊNCIAS CONTÁBEIS E TURISMO"
ADMINISTRAÇÃO,53001010016P7,UNIVERSIDADE DE BRASÍLIA,UNB,DF,5,5,-,-,"ADMINISTRAÇÃO PÚBLICA E DE EMPRESAS, CIÊNCIAS CONTÁBEIS E TURISMO"
ADMINISTRAÇÃO,53001010055P2,UNIVERSIDADE DE BRASÍLIA,UNB,DF,-,-,5,-,"ADMINISTRAÇÃO PÚBLICA E DE EMPRESAS, CIÊNCIAS CONTÁBEIS E TURISMO"
ADMINISTRAÇÃO,31003010092P6,UNIVERSIDADE FEDERAL FLUMINENSE,UFF,RJ,-,-,4,-,"ADMINISTRAÇÃO PÚBLICA E DE EMPRESAS, CIÊNCIAS CONTÁBEIS E TURISMO"
ADMINISTRAÇÃO,40014010012P2,UNIVERSIDADE ESTADUAL DO CENTRO-OESTE,UNICENTRO,PR,-,-,3,-,"ADMINISTRAÇÃO PÚBLICA E DE EMPRESAS, CIÊNCIAS CONTÁBEIS E TURISMO"
ADMINISTRAÇÃO,10001018006P7,UNIVERSIDADE FEDERAL DE RONDÔNIA,UNIR,RO,3,-,-,-,"ADMINISTRAÇÃO PÚBLICA E DE EMPRESAS, CIÊNCIAS CONTÁBEIS E TURISMO"
ADMINISTRAÇÃO,32020015008P9,CENTRO FEDERAL DE EDUCAÇÃO TECNOLÓGICA DE MINAS GERAIS,CEFET,MG,3,-,-,-,"ADMINISTRAÇÃO PÚBLICA E DE EMPRESAS, CIÊNCIAS CONTÁBEIS E TURISMO"
ADMINISTRAÇÃO,33004102073P5,"UNIVERSIDADE ESTADUAL PAULISTA JÚLIO DE MESQUITA FILHO, JABOTICABAL",UNESP-JAB,SP,-,-,3,-,"ADMINISTRAÇÃO PÚBLICA E DE EMPRESAS, CIÊNCIAS CONTÁBEIS E TURISMO"
ADMINISTRAÇÃO,42004012156P8,UNIVERSIDADE FEDERAL DO RIO GRANDE,FURG,RS,3,-,-,-,"ADMINISTRAÇÃO PÚBLICA E DE EMPRESAS, CIÊNCIAS CONTÁBEIS E TURISMO"
ADMINISTRAÇÃO,42009014014P0,FUNDAÇÃO UNIVERSIDADE DE PASSO FUNDO,FUPF,RS,3,-,-,-,"ADMINISTRAÇÃO PÚBLICA E DE EMPRESAS, CIÊNCIAS CONTÁBEIS E TURISMO"
ADMINISTRAÇÃO,22002014009P6,UNIVERSIDADE DE FORTALEZA,UNIFOR,CE,-,-,3,-,"ADMINISTRAÇÃO PÚBLICA E DE EMPRESAS, CIÊNCIAS CONTÁBEIS E TURISMO"
ADMINISTRAÇÃO,42046017011P0,FUNDAÇÃO UNIVERSIDADE FEDERAL DO PAMPA,UNIPAMPA,RS,3,-,-,-,"ADMINISTRAÇÃO PÚBLICA E DE EMPRESAS, CIÊNCIAS CONTÁBEIS E TURISMO"
Administração,42051010002P0,FACULDADE MERIDIONAL,IMED,RS,4,-,-,-,"ADMINISTRAÇÃO PÚBLICA E DE EMPRESAS, CIÊNCIAS CONTÁBEIS E TURISMO"
Administração,31003010078P3,UNIVERSIDADE FEDERAL FLUMINENSE,UFF,RJ,3,-,-,-,"ADMINISTRAÇÃO PÚBLICA E DE EMPRESAS, CIÊNCIAS CONTÁBEIS E TURISMO"
Administração,31011012014P0,FUNDAÇÃO GETÚLIO VARGAS,FGV,RJ,-,-,4,-,"ADMINISTRAÇÃO PÚBLICA E DE EMPRESAS, CIÊNCIAS CONTÁBEIS E TURISMO"
Administração,33007012010P7,UNIVERSIDADE METODISTA DE PIRACICABA,UNIMEP,SP,-,4,-,-,"ADMINISTRAÇÃO PÚBLICA E DE EMPRESAS, CIÊNCIAS CONTÁBEIS E TURISMO"
Administração,33139016002P0,ESCOLA SUPERIOR DE PROPAGANDA E MARKETING,ESPM,SP,5,5,-,-,"ADMINISTRAÇÃO PÚBLICA E DE EMPRESAS, CIÊNCIAS CONTÁBEIS E TURISMO"
Administração,41002016020P3,UNIVERSIDADE DO ESTADO DE SANTA CATARINA,UDESC,SC,4,4,-,-,"ADMINISTRAÇÃO PÚBLICA E DE EMPRESAS, CIÊNCIAS CONTÁBEIS E TURISMO"
Administração,41007018002P7,UNIVERSIDADE DO OESTE DE SANTA CATARINA,UNOESC,SC,-,-,4,-,"ADMINISTRAÇÃO PÚBLICA E DE EMPRESAS, CIÊNCIAS CONTÁBEIS E TURISMO"
Administração,52016013002P3,CENTRO UNIVERSITÁRIO ALVES FARIA,UNIALFA,GO,-,-,3,-,"ADMINISTRAÇÃO PÚBLICA E DE EMPRESAS, CIÊNCIAS CONTÁBEIS E TURISMO"
Administração,40015017028P2,UNIVERSIDADE ESTADUAL DO OESTE DO PARANA,UNIOESTE,PR,-,-,3,-,"ADMINISTRAÇÃO PÚBLICA E DE EMPRESAS, CIÊNCIAS CONTÁBEIS E TURISMO"
Administração,52001016068P0,UNIVERSIDADE FEDERAL DE GOIÁS,UFG,GO,4,4,-,-,"ADMINISTRAÇÃO PÚBLICA E DE EMPRESAS, CIÊNCIAS CONTÁBEIS E TURISMO"
Administração,32003013014P4,UNIVERSIDADE FEDERAL DE ITAJUBÁ,UNIFEI,MG,-,-,3,-,"ADMINISTRAÇÃO PÚBLICA E DE EMPRESAS, CIÊNCIAS CONTÁBEIS E TURISMO"
ADMINISTRAÇÃO ,33057010006P2,UNIVERSIDADE IBIRAPUERA,UNIB,SP,-,-,A,-,"ADMINISTRAÇÃO PÚBLICA E DE EMPRESAS, CIÊNCIAS CONTÁBEIS E TURISMO"
"ADMINISTRAÇÃO - GESTÃO, INTERNACIONALIZAÇÃO E LOGÍSTICA",41005015011P3,UNIVERSIDADE DO VALE DO ITAJAÍ,UNIVALI,SC,-,-,3,-,"ADMINISTRAÇÃO PÚBLICA E DE EMPRESAS, CIÊNCIAS CONTÁBEIS E TURISMO"
ADMINISTRAÇÃO DAS MICRO E PEQUENAS EMPRESAS,33149011003P8,CENTRO UNIVERSITÁRIO CAMPO LIMPO PAULISTA,UNIFACCAMP,SP,-,4,-,-,"ADMINISTRAÇÃO PÚBLICA E DE EMPRESAS, CIÊNCIAS CONTÁBEIS E TURISMO"
ADMINISTRAÇÃO DAS MICRO E PEQUENAS EMPRESAS,33149011001P5,CENTRO UNIVERSITÁRIO CAMPO LIMPO PAULISTA,UNIFACCAMP,SP,-,-,4,-,"ADMINISTRAÇÃO PÚBLICA E DE EMPRESAS, CIÊNCIAS CONTÁBEIS E TURISMO"
ADMINISTRAÇÃO DE EMPRESAS,31005012033P9,PONTIFÍCIA UNIVERSIDADE CATÓLICA DO RIO DE JANEIRO,PUC-RIO,RJ,-,-,5,-,"ADMINISTRAÇÃO PÚBLICA E DE EMPRESAS, CIÊNCIAS CONTÁBEIS E TURISMO"
ADMINISTRAÇÃO DE EMPRESAS,31005012019P6,PONTIFÍCIA UNIVERSIDADE CATÓLICA DO RIO DE JANEIRO,PUC-RIO,RJ,5,5,-,-,"ADMINISTRAÇÃO PÚBLICA E DE EMPRESAS, CIÊNCIAS CONTÁBEIS E TURISMO"
ADMINISTRAÇÃO DE EMPRESAS,22002014001P5,UNIVERSIDADE DE FORTALEZA,UNIFOR,CE,4,4,-,-,"ADMINISTRAÇÃO PÚBLICA E DE EMPRESAS, CIÊNCIAS CONTÁBEIS E TURISMO"
ADMINISTRAÇÃO DE EMPRESAS,33014019004P0,FUNDAÇÃO GETÚLIO VARGAS,FGV,SP,-,-,5,5,"ADMINISTRAÇÃO PÚBLICA E DE EMPRESAS, CIÊNCIAS CONTÁBEIS E TURISMO"
ADMINISTRAÇÃO DE EMPRESAS,33024014019P9,UNIVERSIDADE PRESBITERIANA MACKENZIE,UPM,SP,5,5,-,-,"ADMINISTRAÇÃO PÚBLICA E DE EMPRESAS, CIÊNCIAS CONTÁBEIS E TURISMO"
ADMINISTRAÇÃO DE EMPRESAS,33014019001P0,FUNDAÇÃO GETÚLIO VARGAS,FGV,SP,7,7,-,-,"ADMINISTRAÇÃO PÚBLICA E DE EMPRESAS, CIÊNCIAS CONTÁBEIS E TURISMO"
ADMINISTRAÇÃO DE NEGÓCIOS,31011012016P3,FUNDAÇÃO GETÚLIO VARGAS,FGV,RJ,-,-,4,-,"ADMINISTRAÇÃO PÚBLICA E DE EMPRESAS, CIÊNCIAS CONTÁBEIS E TURISMO"
ADMINISTRAÇÃO DE ORGANIZAÇÕES,33002029036P0,"UNIVERSIDADE DE SÃO PAULO, RIBEIRÃO PRETO",USP-RP,SP,5,5,-,-,"ADMINISTRAÇÃO PÚBLICA E DE EMPRESAS, CIÊNCIAS CONTÁBEIS E TURISMO"
ADMINISTRAÇÃO DO DESENVOLVIMENTO DE NEGÓCIOS,33024014029P4,UNIVERSIDADE PRESBITERIANA MACKENZIE,UPM,SP,-,-,3,-,"ADMINISTRAÇÃO PÚBLICA E DE EMPRESAS, CIÊNCIAS CONTÁBEIS E TURISMO"
ADMINISTRAÇÃO E CIÊNCIAS CONTÁBEIS,30007011003P2,FUNDAÇÃO INSTITUTO CAPIXABA DE PESQUISA EM CONTABILIDADE ECONOMIA E FINANÇAS,FUCAPE,ES,5,5,-,-,"ADMINISTRAÇÃO PÚBLICA E DE EMPRESAS, CIÊNCIAS CONTÁBEIS E TURISMO"
ADMINISTRAÇÃO E CONTROLADORIA,22001018071P7,UNIVERSIDADE FEDERAL DO CEARÁ,UFC,CE,-,-,4,-,"ADMINISTRAÇÃO PÚBLICA E DE EMPRESAS, CIÊNCIAS CONTÁBEIS E TURISMO"
ADMINISTRAÇÃO E CONTROLADORIA,22001018065P7,UNIVERSIDADE FEDERAL DO CEARÁ,UFC,CE,4,4,-,-,"ADMINISTRAÇÃO PÚBLICA E DE EMPRESAS, CIÊNCIAS CONTÁBEIS E TURISMO"
ADMINISTRAÇÃO E DESENVOLVIMENTO EMPRESARIAL,31018017008P5,UNIVERSIDADE ESTÁCIO DE SÁ,UNESA,RJ,-,-,4,-,"ADMINISTRAÇÃO PÚBLICA E DE EMPRESAS, CIÊNCIAS CONTÁBEIS E TURISMO"
ADMINISTRAÇÃO E DESENVOLVIMENTO RURAL,25003011014P4,UNIVERSIDADE FEDERAL RURAL DE PERNAMBUCO,UFRPE,PE,3,-,-,-,"ADMINISTRAÇÃO PÚBLICA E DE EMPRESAS, CIÊNCIAS CONTÁBEIS E TURISMO"
ADMINISTRAÇÃO E NEGÓCIOS,42005019031P7,PONTIFÍCIA UNIVERSIDADE CATÓLICA DO RIO GRANDE DO SUL,PUC/RS,RS,5,5,-,-,"ADMINISTRAÇÃO PÚBLICA E DE EMPRESAS, CIÊNCIAS CONTÁBEIS E TURISMO"
ADMINISTRAÇÃO PÚBLICA,32010010042P4,UNIVERSIDADE FEDERAL DOS VALES DO JEQUITINHONHA E MUCURI,UFVJM,MG,-,-,3,-,"ADMINISTRAÇÃO PÚBLICA E DE EMPRESAS, CIÊNCIAS CONTÁBEIS E TURISMO"
ADMINISTRAÇÃO PÚBLICA,53019016002P5,INSTITUTO BRASILIENSE DE DIREITO PÚBLICO,IDP,DF,-,-,3,-,"ADMINISTRAÇÃO PÚBLICA E DE EMPRESAS, CIÊNCIAS CONTÁBEIS E TURISMO"
ADMINISTRAÇÃO PÚBLICA,42002010166P4,UNIVERSIDADE FEDERAL DE SANTA MARIA,UFSM,RS,A,-,-,-,"ADMINISTRAÇÃO PÚBLICA E DE EMPRESAS, CIÊNCIAS CONTÁBEIS E TURISMO"
ADMINISTRAÇÃO PÚBLICA,32049013001P5,FUNDAÇÃO JOÃO PINHEIRO - ESCOLA DE GOVERNO,FJP,MG,3,-,-,-,"ADMINISTRAÇÃO PÚBLICA E DE EMPRESAS, CIÊNCIAS CONTÁBEIS E TURISMO"
Administração Pública,32004010024P0,UNIVERSIDADE FEDERAL DE LAVRAS,UFLA,MG,-,-,3,-,"ADMINISTRAÇÃO PÚBLICA E DE EMPRESAS, CIÊNCIAS CONTÁBEIS E TURISMO"
ADMINISTRAÇÃO PÚBLICA E GOVERNO,33014019003P3,FUNDAÇÃO GETÚLIO VARGAS,FGV,SP,6,6,-,-,"ADMINISTRAÇÃO PÚBLICA E DE EMPRESAS, CIÊNCIAS CONTÁBEIS E TURISMO"
ADMINISTRAÇÃO PÚBLICA EM REDE NACIONAL,53045009001P3,ASSOCIAÇÃO NACIONAL DOS DIRIGENTES DAS INSTITUIÇÕES FEDERAIS DE ENSINO SUPERIOR,ANDIFES,DF,-,-,3,-,"ADMINISTRAÇÃO PÚBLICA E DE EMPRESAS, CIÊNCIAS CONTÁBEIS E TURISMO"
ADMINISTRAÇÃO UNIVERSITÁRIA,41001010078P9,UNIVERSIDADE FEDERAL DE SANTA CATARINA,UFSC,SC,-,-,4,-,"ADMINISTRAÇÃO PÚBLICA E DE EMPRESAS, CIÊNCIAS CONTÁBEIS E TURISMO"
CIÊNCIAS CONTÁBEIS,25001019068P4,UNIVERSIDADE FEDERAL DE PERNAMBUCO,UFPE,PE,4,4,-,-,"ADMINISTRAÇÃO PÚBLICA E DE EMPRESAS, CIÊNCIAS CONTÁBEIS E TURISMO"
CIÊNCIAS CONTÁBEIS,41006011007P2,UNIVERSIDADE REGIONAL DE BLUMENAU,FURB,SC,5,5,-,-,"ADMINISTRAÇÃO PÚBLICA E DE EMPRESAS, CIÊNCIAS CONTÁBEIS E TURISMO"
CIÊNCIAS CONTÁBEIS,23001011076P1,UNIVERSIDADE FEDERAL DO RIO GRANDE DO NORTE,UFRN,RN,3,-,-,-,"ADMINISTRAÇÃO PÚBLICA E DE EMPRESAS, CIÊNCIAS CONTÁBEIS E TURISMO"
CIÊNCIAS CONTÁBEIS,42002010167P0,UNIVERSIDADE FEDERAL DE SANTA MARIA,UFSM,RS,A,-,-,-,"ADMINISTRAÇÃO PÚBLICA E DE EMPRESAS, CIÊNCIAS CONTÁBEIS E TURISMO"
CIÊNCIAS CONTÁBEIS,33096015001P8,CENTRO UNIVERSITÁRIO FECAP,UniFECAP,SP,4,-,-,-,"ADMINISTRAÇÃO PÚBLICA E DE EMPRESAS, CIÊNCIAS CONTÁBEIS E TURISMO"
CIÊNCIAS CONTÁBEIS,31001017113P7,UNIVERSIDADE FEDERAL DO RIO DE JANEIRO,UFRJ,RJ,5,5,-,-,"ADMINISTRAÇÃO PÚBLICA E DE EMPRESAS, CIÊNCIAS CONTÁBEIS E TURISMO"
CIÊNCIAS CONTÁBEIS,31004016048P0,UNIVERSIDADE DO ESTADO DO RIO DE JANEIRO,UERJ,RJ,3,-,-,-,"ADMINISTRAÇÃO PÚBLICA E DE EMPRESAS, CIÊNCIAS CONTÁBEIS E TURISMO"
CIÊNCIAS CONTÁBEIS,51001012173P6,FUNDAÇÃO UNIVERSIDADE FEDERAL DE MATO GROSSO DO SUL,UFMS,MS,3,-,-,-,"ADMINISTRAÇÃO PÚBLICA E DE EMPRESAS, CIÊNCIAS CONTÁBEIS E TURISMO"
CIÊNCIAS CONTÁBEIS,52001016104P7,UNIVERSIDADE FEDERAL DE GOIÁS,UFG,GO,3,-,-,-,"ADMINISTRAÇÃO PÚBLICA E DE EMPRESAS, CIÊNCIAS CONTÁBEIS E TURISMO"
CIÊNCIAS CONTÁBEIS,24001015075P8,"UNIVERSIDADE FEDERAL DA PARAÍBA, JOÃO PESSOA",UFPB-JP,PB,4,4,-,-,"ADMINISTRAÇÃO PÚBLICA E DE EMPRESAS, CIÊNCIAS CONTÁBEIS E TURISMO"
CIÊNCIAS CONTÁBEIS,42007011008P8,UNIVERSIDADE DO VALE DO RIO DOS SINOS,UNISINOS,RS,5,5,-,-,"ADMINISTRAÇÃO PÚBLICA E DE EMPRESAS, CIÊNCIAS CONTÁBEIS E TURISMO"
CIÊNCIAS CONTÁBEIS,33302006001P2,FUCAPE PESQUISA ENSINO E PARTICIPAÇÕES LIMITADA,FUCAPE,RJ,-,-,3,-,"ADMINISTRAÇÃO PÚBLICA E DE EMPRESAS, CIÊNCIAS CONTÁBEIS E TURISMO"
Ciências Contábeis,40004015044P0,UNIVERSIDADE ESTADUAL DE MARINGÁ,UEM,PR,3,-,-,-,"ADMINISTRAÇÃO PÚBLICA E DE EMPRESAS, CIÊNCIAS CONTÁBEIS E TURISMO"
Ciências Contábeis,32006012035P0,UNIVERSIDADE FEDERAL DE UBERLÂNDIA,UFU,MG,4,4,-,-,"ADMINISTRAÇÃO PÚBLICA E DE EMPRESAS, CIÊNCIAS CONTÁBEIS E TURISMO"
Ciências Contábeis,30001013041P3,UNIVERSIDADE FEDERAL DO ESPÍRITO SANTO,UFES,ES,4,4,-,-,"ADMINISTRAÇÃO PÚBLICA E DE EMPRESAS, CIÊNCIAS CONTÁBEIS E TURISMO"
CIÊNCIAS CONTÁBEIS ,53001010105P0,UNIVERSIDADE DE BRASÍLIA,UNB,DF,4,4,-,-,"ADMINISTRAÇÃO PÚBLICA E DE EMPRESAS, CIÊNCIAS CONTÁBEIS E TURISMO"
"Ciências Contábeis, Controladoria e Finanças",33005010018P9,PONTIFÍCIA UNIVERSIDADE CATÓLICA DE SÃO PAULO,PUC/SP,SP,-,-,3,-,"ADMINISTRAÇÃO PÚBLICA E DE EMPRESAS, CIÊNCIAS CONTÁBEIS E TURISMO"
CIÊNCIAS CONTÁBEIS E ADMINISTRAÇÃO,41016017007P4,UNIVERSIDADE COMUNITÁRIA DA REGIÃO DE CHAPECÓ,UNOCHAPECÓ,SC,3,-,-,-,"ADMINISTRAÇÃO PÚBLICA E DE EMPRESAS, CIÊNCIAS CONTÁBEIS E TURISMO"
CIÊNCIAS CONTÁBEIS E ADMINISTRAÇÃO,30007011001P0,FUNDAÇÃO INSTITUTO CAPIXABA DE PESQUISA EM CONTABILIDADE ECONOMIA E FINANÇAS,FUCAPE,ES,-,-,5,5,"ADMINISTRAÇÃO PÚBLICA E DE EMPRESAS, CIÊNCIAS CONTÁBEIS E TURISMO"
COMPORTAMENTO DO CONSUMIDOR,33139016003P6,ESCOLA SUPERIOR DE PROPAGANDA E MARKETING,ESPM,SP,-,-,3,-,"ADMINISTRAÇÃO PÚBLICA E DE EMPRESAS, CIÊNCIAS CONTÁBEIS E TURISMO"
CONTABILIDADE,41001010054P2,UNIVERSIDADE FEDERAL DE SANTA CATARINA,UFSC,SC,5,5,-,-,"ADMINISTRAÇÃO PÚBLICA E DE EMPRESAS, CIÊNCIAS CONTÁBEIS E TURISMO"
CONTABILIDADE,40001016050P0,UNIVERSIDADE FEDERAL DO PARANÁ,UFPR,PR,5,5,-,-,"ADMINISTRAÇÃO PÚBLICA E DE EMPRESAS, CIÊNCIAS CONTÁBEIS E TURISMO"
CONTABILIDADE,28001010063P4,UNIVERSIDADE FEDERAL DA BAHIA,UFBA,BA,3,-,-,-,"ADMINISTRAÇÃO PÚBLICA E DE EMPRESAS, CIÊNCIAS CONTÁBEIS E TURISMO"
CONTABILIDADE,42004012157P4,UNIVERSIDADE FEDERAL DO RIO GRANDE,FURG,RS,3,-,-,-,"ADMINISTRAÇÃO PÚBLICA E DE EMPRESAS, CIÊNCIAS CONTÁBEIS E TURISMO"
CONTABILIDADE,40015017070P9,UNIVERSIDADE ESTADUAL DO OESTE DO PARANA,UNIOESTE,PR,3,-,-,-,"ADMINISTRAÇÃO PÚBLICA E DE EMPRESAS, CIÊNCIAS CONTÁBEIS E TURISMO"
CONTABILIDADE - UNB - UFPB - UFRN,53001010073P0,UNIVERSIDADE DE BRASÍLIA,UNB,DF,5,5,-,-,"ADMINISTRAÇÃO PÚBLICA E DE EMPRESAS, CIÊNCIAS CONTÁBEIS E TURISMO"
CONTABILIDADE E ADMINISTRAÇÃO,21016003001P4,FUCAPE PESQUISA ENSINO E PARTICIPAÇÕES LIMITADA - MA,FUCAPE-MA,MA,3,-,-,-,"ADMINISTRAÇÃO PÚBLICA E DE EMPRESAS, CIÊNCIAS CONTÁBEIS E TURISMO"
CONTROLADORIA,25003011070P1,UNIVERSIDADE FEDERAL RURAL DE PERNAMBUCO,UFRPE,PE,3,-,-,-,"ADMINISTRAÇÃO PÚBLICA E DE EMPRESAS, CIÊNCIAS CONTÁBEIS E TURISMO"
CONTROLADORIA E CONTABILIDADE,42001013170P1,UNIVERSIDADE FEDERAL DO RIO GRANDE DO SUL,UFRGS,RS,3,-,-,-,"ADMINISTRAÇÃO PÚBLICA E DE EMPRESAS, CIÊNCIAS CONTÁBEIS E TURISMO"
CONTROLADORIA E CONTABILIDADE,33002029040P7,"UNIVERSIDADE DE SÃO PAULO, RIBEIRÃO PRETO",USP-RP,SP,5,5,-,-,"ADMINISTRAÇÃO PÚBLICA E DE EMPRESAS, CIÊNCIAS CONTÁBEIS E TURISMO"
CONTROLADORIA E CONTABILIDADE,33002010086P1,UNIVERSIDADE DE SÃO PAULO,USP,SP,6,6,-,-,"ADMINISTRAÇÃO PÚBLICA E DE EMPRESAS, CIÊNCIAS CONTÁBEIS E TURISMO"
CONTROLADORIA E CONTABILIDADE,32001010078P0,UNIVERSIDADE FEDERAL DE MINAS GERAIS,UFMG,MG,4,4,-,-,"ADMINISTRAÇÃO PÚBLICA E DE EMPRESAS, CIÊNCIAS CONTÁBEIS E TURISMO"
CONTROLADORIA E FINANÇAS,33113017001P1,FACULDADE FIPECAFI,FIPECAFI,SP,-,-,3,-,"ADMINISTRAÇÃO PÚBLICA E DE EMPRESAS, CIÊNCIAS CONTÁBEIS E TURISMO"
CONTROLADORIA E FINANÇAS EMPRESARIAIS,33024014024P2,UNIVERSIDADE PRESBITERIANA MACKENZIE,UPM,SP,-,-,4,4,"ADMINISTRAÇÃO PÚBLICA E DE EMPRESAS, CIÊNCIAS CONTÁBEIS E TURISMO"
CONTROLADORIA E GESTÃO PÚBLICA,31004016161P0,UNIVERSIDADE DO ESTADO DO RIO DE JANEIRO,UERJ,RJ,-,-,A,-,"ADMINISTRAÇÃO PÚBLICA E DE EMPRESAS, CIÊNCIAS CONTÁBEIS E TURISMO"
CONTROLE DE GESTÃO,41001010163P6,UNIVERSIDADE FEDERAL DE SANTA CATARINA,UFSC,SC,-,-,A,-,"ADMINISTRAÇÃO PÚBLICA E DE EMPRESAS, CIÊNCIAS CONTÁBEIS E TURISMO"
Desenvolvimento Territorial e Sistemas Agroindustriais,42003016052P1,UNIVERSIDADE FEDERAL DE PELOTAS,UFPEL,RS,3,-,-,-,"ADMINISTRAÇÃO PÚBLICA E DE EMPRESAS, CIÊNCIAS CONTÁBEIS E TURISMO"
Empreendedorismo,33002010240P0,UNIVERSIDADE DE SÃO PAULO,USP,SP,-,-,4,-,"ADMINISTRAÇÃO PÚBLICA E DE EMPRESAS, CIÊNCIAS CONTÁBEIS E TURISMO"
Gestão Ambiental e Sustentabilidade,33092010009P7,UNIVERSIDADE NOVE DE JULHO,UNINOVE,SP,-,-,4,-,"ADMINISTRAÇÃO PÚBLICA E DE EMPRESAS, CIÊNCIAS CONTÁBEIS E TURISMO"
GESTÃO CONTEMPORÂNEA DAS ORGANIZAÇÕES,31105009001P1,FUNDAÇÃO DOM CABRAL,FDC,MG,-,-,4,-,"ADMINISTRAÇÃO PÚBLICA E DE EMPRESAS, CIÊNCIAS CONTÁBEIS E TURISMO"
Gestão de Cooperativas,40003019019P9,PONTIFÍCIA UNIVERSIDADE CATÓLICA DO PARANÁ,PUC/PR,PR,-,-,4,-,"ADMINISTRAÇÃO PÚBLICA E DE EMPRESAS, CIÊNCIAS CONTÁBEIS E TURISMO"
Gestão de Negócios,33146012002P2,FACULDADE FIA DE ADMINISTRAÇÃO E NEGÓCIOS,FFIA,SP,-,-,3,-,"ADMINISTRAÇÃO PÚBLICA E DE EMPRESAS, CIÊNCIAS CONTÁBEIS E TURISMO"
GESTÃO DE NEGÓCIOS TURÍSTICOS,22003010024P1,UNIVERSIDADE ESTADUAL DO CEARÁ,UECE,CE,-,-,3,-,"ADMINISTRAÇÃO PÚBLICA E DE EMPRESAS, CIÊNCIAS CONTÁBEIS E TURISMO"
Gestão de Organizações e Sistemas Públicos,33001014046P3,UNIVERSIDADE FEDERAL DE SÃO CARLOS,UFSCAR,SP,-,-,3,-,"ADMINISTRAÇÃO PÚBLICA E DE EMPRESAS, CIÊNCIAS CONTÁBEIS E TURISMO"
"GESTÃO DE ORGANIZAÇÕES, LIDERANÇA E DECISÃO",40001016172P9,UNIVERSIDADE FEDERAL DO PARANÁ,UFPR,PR,-,-,A,-,"ADMINISTRAÇÃO PÚBLICA E DE EMPRESAS, CIÊNCIAS CONTÁBEIS E TURISMO"
GESTÃO DE ORGANIZAÇÕES PÚBLICAS,42002010050P6,UNIVERSIDADE FEDERAL DE SANTA MARIA,UFSM,RS,-,-,3,-,"ADMINISTRAÇÃO PÚBLICA E DE EMPRESAS, CIÊNCIAS CONTÁBEIS E TURISMO"
Gestão de Políticas Públicas,33002010232P8,UNIVERSIDADE DE SÃO PAULO,USP,SP,3,-,-,-,"ADMINISTRAÇÃO PÚBLICA E DE EMPRESAS, CIÊNCIAS CONTÁBEIS E TURISMO"
Gestão de Projetos,33092010008P0,UNIVERSIDADE NOVE DE JULHO,UNINOVE,SP,-,-,5,5,"ADMINISTRAÇÃO PÚBLICA E DE EMPRESAS, CIÊNCIAS CONTÁBEIS E TURISMO"
GESTÃO DO DESENVOLVIMENTO LOCAL SUSTENTÁVEL,25004018010P5,UNIVERSIDADE DE PERNAMBUCO,UPE,PE,-,-,3,-,"ADMINISTRAÇÃO PÚBLICA E DE EMPRESAS, CIÊNCIAS CONTÁBEIS E TURISMO"
GESTÃO E ESTRATÉGIA,31002013015P1,UNIVERSIDADE FEDERAL RURAL DO RIO DE JANEIRO,UFRRJ,RJ,-,-,3,-,"ADMINISTRAÇÃO PÚBLICA E DE EMPRESAS, CIÊNCIAS CONTÁBEIS E TURISMO"
Gestão e Inovação na Indústria Animal,33002010235P7,UNIVERSIDADE DE SÃO PAULO,USP,SP,-,-,3,-,"ADMINISTRAÇÃO PÚBLICA E DE EMPRESAS, CIÊNCIAS CONTÁBEIS E TURISMO"
Gestão e Negócios,42007011024P3,UNIVERSIDADE DO VALE DO RIO DOS SINOS,UNISINOS,RS,-,-,5,5,"ADMINISTRAÇÃO PÚBLICA E DE EMPRESAS, CIÊNCIAS CONTÁBEIS E TURISMO"
GESTÃO E POLÍTICAS PÚBLICAS,33138010001P0,ESCOLA DE ADMINISTRAÇÃO DE EMPRESAS DE SÃO PAULO,EAESP-FGV,SP,-,-,4,-,"ADMINISTRAÇÃO PÚBLICA E DE EMPRESAS, CIÊNCIAS CONTÁBEIS E TURISMO"
GESTÃO EM ALIMENTOS E BEBIDAS (A&B),33106010004P8,UNIVERSIDADE ANHEMBI MORUMBI,UAM,SP,-,-,3,-,"ADMINISTRAÇÃO PÚBLICA E DE EMPRESAS, CIÊNCIAS CONTÁBEIS E TURISMO"
Gestão em Organizações Aprendentes,24001015059P2,"UNIVERSIDADE FEDERAL DA PARAÍBA, JOÃO PESSOA",UFPB-JP,PB,-,-,3,-,"ADMINISTRAÇÃO PÚBLICA E DE EMPRESAS, CIÊNCIAS CONTÁBEIS E TURISMO"
Gestão em Sistemas de Saúde,33092010014P0,UNIVERSIDADE NOVE DE JULHO,UNINOVE,SP,-,-,3,-,"ADMINISTRAÇÃO PÚBLICA E DE EMPRESAS, CIÊNCIAS CONTÁBEIS E TURISMO"
GESTÃO EMPRESARIAL,25018019001P3,CENTRO UNIVERSITÁRIO FBV WYDEN,UNIFBV-WYDEN,PE,-,-,3,-,"ADMINISTRAÇÃO PÚBLICA E DE EMPRESAS, CIÊNCIAS CONTÁBEIS E TURISMO"
GESTÃO ESTRATÉGICA DE ORGANIZAÇÕES,53023013001P2,CENTRO UNIVERSITÁRIO DO INSTITUTO DE EDUCAÇÃO SUPERIOR DE BRASÍLIA,IESB,DF,-,-,3,-,"ADMINISTRAÇÃO PÚBLICA E DE EMPRESAS, CIÊNCIAS CONTÁBEIS E TURISMO"
Gestão Estratégica de Organizações,42010012007P9,UNIVERSIDADE REGIONAL INTEGRADA DO ALTO URUGUAI E DAS MISSÕES,URI,RS,-,-,3,-,"ADMINISTRAÇÃO PÚBLICA E DE EMPRESAS, CIÊNCIAS CONTÁBEIS E TURISMO"
"GESTÃO, INOVAÇÃO E CONSUMO",25001019173P2,UNIVERSIDADE FEDERAL DE PERNAMBUCO,UFPE,PE,A,-,-,-,"ADMINISTRAÇÃO PÚBLICA E DE EMPRESAS, CIÊNCIAS CONTÁBEIS E TURISMO"
GESTÃO INTERNACIONAL,33014019006P2,FUNDAÇÃO GETÚLIO VARGAS,FGV,SP,-,-,4,-,"ADMINISTRAÇÃO PÚBLICA E DE EMPRESAS, CIÊNCIAS CONTÁBEIS E TURISMO"
GESTÃO ORGANIZACIONAL,32006012076P9,UNIVERSIDADE FEDERAL DE UBERLÂNDIA,UFU,MG,-,-,3,-,"ADMINISTRAÇÃO PÚBLICA E DE EMPRESAS, CIÊNCIAS CONTÁBEIS E TURISMO"
GESTÃO PARA A COMPETITIVIDADE,33014019007P9,FUNDAÇÃO GETÚLIO VARGAS,FGV,SP,-,-,4,-,"ADMINISTRAÇÃO PÚBLICA E DE EMPRESAS, CIÊNCIAS CONTÁBEIS E TURISMO"
Gestão Pública,15001016073P0,UNIVERSIDADE FEDERAL DO PARÁ,UFPA,PA,-,-,3,-,"ADMINISTRAÇÃO PÚBLICA E DE EMPRESAS, CIÊNCIAS CONTÁBEIS E TURISMO"
Gestão Pública,53001010102P0,UNIVERSIDADE DE BRASÍLIA,UNB,DF,-,-,3,-,"ADMINISTRAÇÃO PÚBLICA E DE EMPRESAS, CIÊNCIAS CONTÁBEIS E TURISMO"
Gestão Pública,23001011057P7,UNIVERSIDADE FEDERAL DO RIO GRANDE DO NORTE,UFRN,RN,-,-,4,-,"ADMINISTRAÇÃO PÚBLICA E DE EMPRESAS, CIÊNCIAS CONTÁBEIS E TURISMO"
Gestão Pública,30001013045P9,UNIVERSIDADE FEDERAL DO ESPÍRITO SANTO,UFES,ES,-,-,3,-,"ADMINISTRAÇÃO PÚBLICA E DE EMPRESAS, CIÊNCIAS CONTÁBEIS E TURISMO"
GESTÃO PÚBLICA E COOPERAÇÃO INTERNACIONAL,24001015079P3,"UNIVERSIDADE FEDERAL DA PARAÍBA, JOÃO PESSOA",UFPB-JP,PB,3,-,-,-,"ADMINISTRAÇÃO PÚBLICA E DE EMPRESAS, CIÊNCIAS CONTÁBEIS E TURISMO"
HOSPITALIDADE,33106010001P9,UNIVERSIDADE ANHEMBI MORUMBI,UAM,SP,4,4,-,-,"ADMINISTRAÇÃO PÚBLICA E DE EMPRESAS, CIÊNCIAS CONTÁBEIS E TURISMO"
HOTELARIA E TURISMO,25001019171P0,UNIVERSIDADE FEDERAL DE PERNAMBUCO,UFPE,PE,3,-,-,-,"ADMINISTRAÇÃO PÚBLICA E DE EMPRESAS, CIÊNCIAS CONTÁBEIS E TURISMO"
INOVAÇÃO E DESENVOLVIMENTO,26013002001P9,CENTRO UNIVERSITÁRIO DOS GUARARAPES,FG,PE,-,-,3,-,"ADMINISTRAÇÃO PÚBLICA E DE EMPRESAS, CIÊNCIAS CONTÁBEIS E TURISMO"
PMPA - PROFISSIONAL EM ADMINISTRAÇÃO,40022013008P4,UNIVERSIDADE POSITIVO,UP,PR,-,-,A,-,"ADMINISTRAÇÃO PÚBLICA E DE EMPRESAS, CIÊNCIAS CONTÁBEIS E TURISMO"
POLÍTICAS PÚBLICAS,33129010004P0,INSTITUTO DE ENSINO E PESQUISA,INSPER,SP,-,-,A,-,"ADMINISTRAÇÃO PÚBLICA E DE EMPRESAS, CIÊNCIAS CONTÁBEIS E TURISMO"
PROFNIT - PROPRIEDADE INTELECTUAL E TRANSFERÊNCIA DE TECNOLOGIA PARA INOVAÇÃO,31102000001P6,UNIVERSIDADE FEDERAL DE ALAGOAS,UFAL,AL,-,-,4,-,"ADMINISTRAÇÃO PÚBLICA E DE EMPRESAS, CIÊNCIAS CONTÁBEIS E TURISMO"
TURISMO,31003010157P0,UNIVERSIDADE FEDERAL FLUMINENSE,UFF,RJ,3,-,-,-,"ADMINISTRAÇÃO PÚBLICA E DE EMPRESAS, CIÊNCIAS CONTÁBEIS E TURISMO"
TURISMO,27005011001P8,"INSTITUTO FEDERAL DE EDUCAÇÃO, CIÊNCIA E TECNOLOGIA DE SERGIPE",IFS,SE,-,-,3,-,"ADMINISTRAÇÃO PÚBLICA E DE EMPRESAS, CIÊNCIAS CONTÁBEIS E TURISMO"
TURISMO,23001011046P5,UNIVERSIDADE FEDERAL DO RIO GRANDE DO NORTE,UFRN,RN,4,4,-,-,"ADMINISTRAÇÃO PÚBLICA E DE EMPRESAS, CIÊNCIAS CONTÁBEIS E TURISMO"
Turismo,33002010243P0,UNIVERSIDADE DE SÃO PAULO,USP,SP,4,4,-,-,"ADMINISTRAÇÃO PÚBLICA E DE EMPRESAS, CIÊNCIAS CONTÁBEIS E TURISMO"
Turismo,40001016079P9,UNIVERSIDADE FEDERAL DO PARANÁ,UFPR,PR,3,-,-,-,"ADMINISTRAÇÃO PÚBLICA E DE EMPRESAS, CIÊNCIAS CONTÁBEIS E TURISMO"
Turismo e Hospitalidade,42008018003P2,UNIVERSIDADE DE CAXIAS DO SUL,UCS,RS,4,4,-,-,"ADMINISTRAÇÃO PÚBLICA E DE EMPRESAS, CIÊNCIAS CONTÁBEIS E TURISMO"
TURISMO E HOTELARIA,41005015002P4,UNIVERSIDADE DO VALE DO ITAJAÍ,UNIVALI,SC,5,5,-,-,"ADMINISTRAÇÃO PÚBLICA E DE EMPRESAS, CIÊNCIAS CONTÁBEIS E TURISMO"